{
 
        "Becker": {
            "mainHeading": "Becker Awarded - Best CPA Channel Partner in 2022",
            "discription": ["Becker's vision is to empower people around the world to advance their careers through a lifelong partnership of superior professional education. On the other hand, the purpose of Simandhar Education is to transform the way education is being perceived. It believes that not just a professional degree or diploma, but the overall grooming of students also plays a vital role in making them successful in the corporate world. Thus, the Simandhar-Becker partnership has proved to be of great advantage to the CPA aspirants. Becker’s rich history and track record of growth spanning more than 60 years is adding value to Simandhar’s mission of changing lives for better."],
            "shortHeading":"",
            "lists": [],
            "img":"/img/cpa/becker-partner.webp"
        }
}
