{
    "eaGallery":[
        {
            "id":1,
            "path":"/img/cpa/gallery_img01.webp"
        },
        {
            "id":2,
            "path":"/img/cpa/gallery_img02.webp"
        },
        {
            "id":3,
            "path":"/img/cpa/gallery_img03.webp"
        }
    ],
    "ciaGallery":[
        {
            "id":1,
            "path":"/img/cpa/gallery_img02.webp"
        },
        {
            "id":2,
            "path":"/img/cpa/gallery_img04.webp"
        },
        {
            "id":3,
            "path":"/img/cpa/gallery_img03.webp"
        }
    ],
    "ifrsGallery":[
        {
            "id":1,
            "path":"/img/cpa/gallery_img01.webp"
        },
        {
            "id":2,
            "path":"/img/cpa/gallery_img04.webp"
        },
        {
            "id":3,
            "path":"/img/cpa/gallery_img03.webp"
        }
    ]
}