{
    "cpaPage":{
        "mainheading":"US CPA Home",
        "lists":[
            {
                "path":"/News",
                "title":"Breaking-news"
            },
            {
                "path":"/canada",
                "title":"Canada"
            },
            {
                "path":"/saamarth",
                "title":" Simandhar Saamarth"
            },
            {
                "path":"/ourCourse",
                "title":"Bridge Courses"
            },
            
            {
                "path":"/watt-sells-award-winners",
                "title":"Elijah Watt Sells Award"
            },
            {
                "path":"/cpaFees",
                "title":"Fees"
            },
            {
                "path":"/basicsOfAccounting",
                "title":"Basics of Accounting"
            },
            {
                "path":"",
                "title":"Alumni"
            },
          
            {
                "path":"",
                "title":"Blog"
            },
            {
                "path":"",
                "title":"Jobs"
            },
            {
                "path":"",
                "title":"Faculty"
            }
        ]   
    },
    "cmaPage":{
        "mainheading":"US CMA Home",
        "lists":[
            {
                "path":"",
                "title":"Course Review"
            },
            {
                "path":"",
                "title":"Our Courses"
            },
            {
                "path":"",
                "title":"Syllabus"
            },
            {
                "path":"",
                "title":"Fees"
            },
            {
                "path":"",
                "title":"News"
            },
            {
                "path":"",
                "title":"Alumni"
            },
            {
                "path":"",
                "title":"Blog"
            },
            {
                "path":"",
                "title":"Jobs"
            },
            {
                "path":"",
                "title":"Faculty"
            }
        ]      
    }

}